ID	GeneID	geneSymbol	chr	strand	exonStart_0base	exonEnd	upstreamES	upstreamEE	downstreamES	downstreamEE	ID.1	IJC_SAMPLE_1	SJC_SAMPLE_1	IJC_SAMPLE_2	SJC_SAMPLE_2	IncFormLen	SkipFormLen	PValue	FDR	IncLevel1	IncLevel2	IncLevelDifference	event_type	dPSI	event_id	longExonStart_0base	longExonEnd	shortES	shortEE	flankingES	flankingEE	1stExonStart_0base	1stExonEnd	2ndExonStart_0base	2ndExonEnd	riExonStart_0base	riExonEnd
349	AT4G08460		chr4	-	5378697.0	5378821.0	5377063.0	5378205.0	5380530.0	5380645.0	349	15,20,22,20,10,24,17,16,22,31,22,8,10,15,12,14,5,27	3,25,27,25,14,20,20,18,13,18,45,13,32,16,17,13,8,7	8,13,14,7,1,3,11,16,21,5,11,15,6,4,20,6,5,6	30,26,23,14,5,19,2,19,33,21,18,33,14,18,10,39,15,23	98	49	0.000174833142481	0.04195995419544	0.714,0.286,0.289,0.286,0.263,0.375,0.298,0.308,0.458,0.463,0.196,0.235,0.135,0.319,0.261,0.35,0.238,0.659	0.118,0.2,0.233,0.2,0.091,0.073,0.733,0.296,0.241,0.106,0.234,0.185,0.176,0.1,0.5,0.071,0.143,0.115	0.129	SE	0.129	SE_chr4_-_5378697-5378821-5377063-5378205-5380530-5380645												
2500	AT5G47455		chr5	+	19251657.0	19251704.0	19251077.0	19251196.0	19251934.0	19251979.0	2500	70,51,51,97,63,81,79,67,72,64,119,76,82,49,49,68,14,60	14,3,14,23,11,16,16,16,15,24,27,16,12,20,15,13,6,13	42,150,71,54,27,38,36,53,58,46,46,144,72,89,47,156,155,86	5,10,5,9,1,4,6,12,13,1,5,22,11,14,11,18,31,13	96	49	0.000106211982728	0.0268325008997052	0.718,0.897,0.65,0.683,0.745,0.721,0.716,0.681,0.71,0.576,0.692,0.708,0.777,0.556,0.625,0.728,0.544,0.702	0.811,0.884,0.879,0.754,0.932,0.829,0.754,0.693,0.695,0.959,0.824,0.77,0.77,0.764,0.686,0.816,0.718,0.772	-0.105	SE	-0.105	SE_chr5_+_19251657-19251704-19251077-19251196-19251934-19251979												
3560	AT5G06950	TGA2	chr5	+	2152065.0	2152122.0	2151045.0	2151131.0	2152214.0	2152388.0	3560	25,16,23,15,9,10,21,23,32,32,40,20,6,12,7,17,4,27	3,4,0,0,1,0,1,1,6,2,2,3,4,2,1,0,0,0	34,46,22,11,6,21,13,12,22,17,24,9,13,10,31,36,24,22	1,1,0,1,0,1,0,0,0,1,2,0,0,0,0,2,0,1	98	49	4.2597615556e-06	0.0046573843131733	0.806,0.667,1.0,1.0,0.818,1.0,0.913,0.92,0.727,0.889,0.909,0.769,0.429,0.75,0.778,1.0,1.0,1.0	0.944,0.958,1.0,0.846,1.0,0.913,1.0,1.0,1.0,0.895,0.857,1.0,1.0,1.0,1.0,0.9,1.0,0.917	-0.103	SE	-0.103	SE_chr5_+_2152065-2152122-2151045-2151131-2152214-2152388												
4289	AT5G52070		chr5	+	21163578.0	21163648.0	21161131.0	21161353.0	21163726.0	21163968.0	4289	39,18,32,30,12,35,18,22,13,27,23,23,30,18,18,17,2,14	2,1,1,7,3,4,6,3,0,5,9,0,4,2,0,2,4,5	16,21,31,33,14,5,7,18,25,13,19,21,21,16,36,21,24,17	2,0,2,0,0,0,1,4,0,0,0,0,0,0,4,2,5,1	98	49	1.4066547116e-07	0.000675194261568	0.907,0.9,0.941,0.682,0.667,0.814,0.6,0.786,1.0,0.73,0.561,1.0,0.789,0.818,1.0,0.81,0.2,0.583	0.8,1.0,0.886,1.0,1.0,1.0,0.778,0.692,1.0,1.0,1.0,1.0,1.0,1.0,0.818,0.84,0.706,0.895	-0.146	SE	-0.146	SE_chr5_+_21163578-21163648-21161131-21161353-21163726-21163968												
635	AT5G60120	TOE2	chr5	+							635	11,7,8,2,14,4,10,15,9,11,3,10,6,9,11,9,7,5	0,0,1,0,4,5,3,0,0,0,0,0,1,0,0,3,0,0	14,13,13,9,8,0,8,19,10,4,7,9,2,1,10,8,8,11	0,3,1,2,2,2,2,0,1,0,0,6,0,0,4,2,2,1	70	49	0.000191709327592	0.0273621494835854	1.0,1.0,0.848,1.0,0.71,0.359,0.7,1.0,1.0,1.0,1.0,1.0,0.808,1.0,1.0,0.677,1.0,1.0	1.0,0.752,0.901,0.759,0.737,0.0,0.737,1.0,0.875,1.0,1.0,0.512,1.0,1.0,0.636,0.737,0.737,0.885	0.102	A5SS	0.102	A5SS_chr5_+_24209970-24210095-24209970-24210074-24210295-24210409	24209970.0	24210095.0	24209970.0	24210074.0	24210295.0	24210409.0						
229	AT4G12790		chr4	-							229	54,52,33,63,33,62,46,54,39,42,69,40,84,73,18,63,16,12	18,14,28,44,28,26,46,32,23,42,32,28,37,20,23,17,10,15	78,73,71,53,28,25,32,62,75,23,62,99,61,35,48,101,72,61	22,40,26,20,11,11,6,15,21,5,44,28,17,8,20,33,41,18	98	49	0.000243027163784	0.0263677039341909	0.6,0.65,0.371,0.417,0.371,0.544,0.333,0.458,0.459,0.333,0.519,0.417,0.532,0.646,0.281,0.649,0.444,0.286	0.639,0.477,0.577,0.57,0.56,0.532,0.727,0.674,0.641,0.697,0.413,0.639,0.642,0.686,0.545,0.605,0.468,0.629	-0.134	A3SS	-0.134	A3SS_chr4_-_7518847-7519081-7518847-7518955-7519325-7519578	7518847.0	7519081.0	7518847.0	7518955.0	7519325.0	7519578.0						
640	AT3G54350	emb1967	chr3	-							640	40,40,43,68,41,35,70,43,49,74,103,76,75,36,32,48,10,41	8,11,7,8,7,7,7,11,2,8,13,17,7,8,7,6,8,7	93,61,71,21,36,42,24,74,76,31,33,55,45,48,44,85,97,33	2,6,11,0,3,5,3,14,8,8,4,7,5,1,2,3,5,2	98	49	0.000202950875632	0.0241725174502745	0.714,0.645,0.754,0.81,0.745,0.714,0.833,0.662,0.925,0.822,0.798,0.691,0.843,0.692,0.696,0.8,0.385,0.745	0.959,0.836,0.763,1.0,0.857,0.808,0.8,0.725,0.826,0.66,0.805,0.797,0.818,0.96,0.917,0.934,0.907,0.892	-0.111	A3SS	-0.111	A3SS_chr3_-_20125962-20126114-20125962-20126036-20126379-20126442	20125962.0	20126114.0	20125962.0	20126036.0	20126379.0	20126442.0						
2265	AT5G42900	COR27	chr5	-							2265	9,13,19,5,9,9,10,13,6,30,8,11,0,2,6,3,6,1	1,2,7,12,0,10,3,2,3,3,0,7,3,1,0,0,3,0	5,5,5,4,4,4,1,4,3,3,6,5,3,2,12,5,1,5	3,0,0,0,0,0,0,3,0,1,4,0,0,0,2,0,3,2	52	49	1.84441304153e-05	0.0041739067129823	0.895,0.86,0.719,0.282,1.0,0.459,0.759,0.86,0.653,0.904,1.0,0.597,0.0,0.653,1.0,1.0,0.653,1.0	0.611,1.0,1.0,1.0,1.0,1.0,1.0,0.557,1.0,0.739,0.586,1.0,1.0,1.0,0.85,1.0,0.239,0.702	-0.111	A3SS	-0.111	A3SS_chr5_-_17198502-17198609-17198502-17198606-17198692-17198978	17198502.0	17198609.0	17198502.0	17198606.0	17198692.0	17198978.0						
2403	AT3G20810	JMJ30	chr3	+							2403	6,0,4,0,9,2,9,5,3,2,2,1,5,12,8,1,0,2	29,5,30,18,28,17,28,25,27,31,34,45,26,19,10,27,4,34	5,8,6,17,8,8,8,8,15,0,3,11,1,2,7,3,8,4	13,8,17,12,21,24,12,19,26,11,13,14,2,10,19,21,25,6	98	49	5.28186602233e-08	5.398653097248544e-05	0.094,0.0,0.062,0.0,0.138,0.056,0.138,0.091,0.053,0.031,0.029,0.011,0.088,0.24,0.286,0.018,0.0,0.029	0.161,0.333,0.15,0.415,0.16,0.143,0.25,0.174,0.224,0.0,0.103,0.282,0.2,0.091,0.156,0.067,0.138,0.25	-0.107	A3SS	-0.107	A3SS_chr3_+_7277600-7277844-7277751-7277844-7277307-7277451	7277600.0	7277844.0	7277751.0	7277844.0	7277307.0	7277451.0						
7	AT4G39270		chr4	+			18276535.0	18279088.0	18279162.0	18279898.0	7	2,0,6,1,5,0,2,6,2,0,10,0,3,0,3,5,11,0	23,17,36,17,28,6,35,26,35,33,8,17,14,29,34,48,8,11	6,2,5,5,3,0,7,5,4,0,8,6,1,0,5,11,11,9	18,20,2,22,8,10,22,11,11,1,28,2,4,17,13,16,19,5	98	49	9.73529421078e-06	0.0009838861170469	0.042,0.0,0.077,0.029,0.082,0.0,0.028,0.103,0.028,0.0,0.385,0.0,0.097,0.0,0.042,0.05,0.407,0.0	0.143,0.048,0.556,0.102,0.158,0.0,0.137,0.185,0.154,0.0,0.125,0.6,0.111,0.0,0.161,0.256,0.224,0.474	-0.115	RI	-0.115	RI_chr4_+_18276535-18279898-18276535-18279088-18279162-18279898											18276535.0	18279898.0
736	AT4G26600		chr4	+			13422369.0	13422813.0	13422927.0	13423253.0	736	3,1,0,6,0,6,0,1,1,9,12,16,3,3,3,5,5,3	23,8,25,23,18,13,26,20,7,30,26,23,23,32,12,1,7,16	2,9,11,12,13,0,5,19,9,3,3,21,4,2,13,8,5,9	19,18,33,7,4,15,1,10,23,10,11,23,42,30,15,33,37,10	98	49	0.00142198353506	0.0435769147840967	0.061,0.059,0.0,0.115,0.0,0.187,0.0,0.024,0.067,0.13,0.187,0.258,0.061,0.045,0.111,0.714,0.263,0.086	0.05,0.2,0.143,0.462,0.619,0.0,0.714,0.487,0.164,0.13,0.12,0.313,0.045,0.032,0.302,0.108,0.063,0.31	-0.105	RI	-0.105	RI_chr4_+_13422369-13423253-13422369-13422813-13422927-13423253											13422369.0	13423253.0
737	AT4G26600		chr4	+			13422927.0	13423253.0	13423357.0	13423802.0	737	2,1,2,4,0,6,0,2,2,5,8,5,7,2,0,1,0,12	18,8,11,8,18,8,13,26,8,13,34,7,26,12,11,5,7,9	6,8,9,0,11,2,10,5,12,0,3,21,2,3,16,12,3,5	4,10,10,9,4,7,0,13,15,11,2,18,21,17,19,12,37,9	98	49	0.000352014581745	0.0156697993081028	0.053,0.059,0.083,0.2,0.0,0.273,0.0,0.037,0.111,0.161,0.105,0.263,0.119,0.077,0.0,0.091,0.0,0.4	0.429,0.286,0.31,0.0,0.579,0.125,1.0,0.161,0.286,0.0,0.429,0.368,0.045,0.081,0.296,0.333,0.039,0.217	-0.164	RI	-0.164	RI_chr4_+_13422927-13423802-13422927-13423253-13423357-13423802											13422927.0	13423802.0
899	AT2G17442		chr2	-			7575149.0	7575173.0	7575789.0	7575939.0	899	6,2,4,22,15,8,2,0,8,8,11,11,5,0,13,5,2,6	7,2,18,22,43,17,17,22,9,9,24,8,18,22,31,2,9,4	7,7,3,5,2,1,6,1,3,3,3,6,4,3,0,1,8,2	25,43,27,24,18,7,7,15,11,15,11,51,33,41,15,20,6,14	98	49	4.16169893613e-06	0.0005202123670162	0.3,0.333,0.1,0.333,0.149,0.19,0.056,0.0,0.308,0.308,0.186,0.407,0.122,0.0,0.173,0.556,0.1,0.429	0.123,0.075,0.053,0.094,0.053,0.067,0.3,0.032,0.12,0.091,0.12,0.056,0.057,0.035,0.0,0.024,0.4,0.067	0.127	RI	0.127	RI_chr2_-_7575149-7575939-7575149-7575173-7575789-7575939											7575149.0	7575939.0
1468	AT3G03810	EDA30	chr3	-			975736.0	975945.0	976033.0	976414.0	1468	23,9,9,14,12,5,16,13,14,16,18,28,9,4,14,11,8,4	30,33,42,14,26,35,43,24,15,54,21,32,23,26,24,18,19,40	17,18,9,15,2,7,4,16,19,10,20,15,14,5,28,18,23,27	15,38,20,25,2,12,10,28,18,8,20,14,12,19,24,23,13,26	98	49	3.55678554704e-05	0.0027249566691032	0.277,0.12,0.097,0.333,0.187,0.067,0.157,0.213,0.318,0.129,0.3,0.304,0.164,0.071,0.226,0.234,0.174,0.048	0.362,0.191,0.184,0.231,0.333,0.226,0.167,0.222,0.345,0.385,0.333,0.349,0.368,0.116,0.368,0.281,0.469,0.342	-0.103	RI	-0.103	RI_chr3_-_975736-976414-975736-975945-976033-976414											975736.0	976414.0
1645	AT1G73930		chr1	-			27796017.0	27797680.0	27797863.0	27798005.0	1645	32,24,23,22,0,10,19,25,16,23,35,13,25,3,13,18,5,27	1,1,0,2,1,0,4,0,1,6,3,0,2,4,0,3,9,0	18,14,23,15,1,20,3,4,40,8,30,32,4,4,22,27,37,9	2,0,5,0,0,1,0,0,4,0,1,0,0,1,2,1,1,1	98	49	5.15314482022e-05	0.0035996232200066	0.941,0.923,1.0,0.846,0.0,1.0,0.704,1.0,0.889,0.657,0.854,1.0,0.862,0.273,1.0,0.75,0.217,1.0	0.818,1.0,0.697,1.0,1.0,0.909,1.0,1.0,0.833,1.0,0.937,1.0,1.0,0.667,0.846,0.931,0.949,0.818	-0.138	RI	-0.138	RI_chr1_-_27796017-27798005-27796017-27797680-27797863-27798005											27796017.0	27798005.0
1808	AT1G21350		chr1	-			7478616.0	7478694.0	7478778.0	7479034.0	1808	11,4,1,6,26,13,3,14,11,17,11,8,9,6,2,9,0,15	0,4,2,0,0,0,2,4,3,3,2,0,0,0,0,0,1,0	4,1,7,2,1,9,3,12,4,6,1,15,5,17,18,20,9,0	2,11,1,1,4,3,6,0,0,0,0,1,2,0,3,3,0,2	98	49	0.000280860019738	0.0134756070076313	1.0,0.333,0.2,1.0,1.0,1.0,0.429,0.636,0.647,0.739,0.733,1.0,1.0,1.0,1.0,1.0,0.0,1.0	0.5,0.043,0.778,0.5,0.111,0.6,0.2,1.0,1.0,1.0,1.0,0.882,0.556,1.0,0.75,0.769,1.0,0.0	0.113	RI	0.113	RI_chr1_-_7478616-7479034-7478616-7478694-7478778-7479034											7478616.0	7479034.0
2188	AT1G16540	SIR3	chr1	+			5664357.0	5664590.0	5664660.0	5664794.0	2188	0,1,3,1,0,0,1,0,2,0,2,0,0,3,0,3,0,0	8,8,5,5,2,4,8,6,5,15,6,5,3,6,5,8,3,3	5,3,6,0,0,4,1,1,6,3,0,4,3,3,0,4,4,0	6,6,18,16,5,1,0,5,2,3,13,1,2,3,10,6,6,5	98	49	3.12363757082e-09	1.3488434964904549e-06	0.0,0.059,0.231,0.091,0.0,0.0,0.059,0.0,0.167,0.0,0.143,0.0,0.0,0.2,0.0,0.158,0.0,0.0	0.294,0.2,0.143,0.0,0.0,0.667,1.0,0.091,0.6,0.333,0.0,0.667,0.429,0.333,0.0,0.25,0.25,0.0	-0.231	RI	-0.231	RI_chr1_+_5664357-5664794-5664357-5664590-5664660-5664794											5664357.0	5664794.0
2232	AT5G56650	ILL1	chr5	+			22931882.0	22932005.0	22932089.0	22932822.0	2232	33,28,37,16,35,33,57,49,40,44,34,47,26,47,68,54,14,32	31,18,31,15,10,19,31,38,18,30,34,11,19,29,25,30,1,17	20,35,29,52,17,18,17,47,45,10,27,29,17,13,44,45,25,25	45,30,16,32,18,11,28,26,24,11,24,31,18,20,34,38,28,20	98	49	0.00168658208096	0.0488491761253658	0.347,0.437,0.374,0.348,0.636,0.465,0.479,0.392,0.526,0.423,0.333,0.681,0.406,0.448,0.576,0.474,0.875,0.485	0.182,0.368,0.475,0.448,0.321,0.45,0.233,0.475,0.484,0.312,0.36,0.319,0.321,0.245,0.393,0.372,0.309,0.385	0.125	RI	0.125	RI_chr5_+_22931882-22932822-22931882-22932005-22932089-22932822											22931882.0	22932822.0
2719	AT1G80770	PDE318	chr1	+			30355423.0	30355569.0	30355662.0	30355786.0	2719	0,1,0,0,0,0,6,1,0,0,5,1,0,0,0,3,0,0	27,12,35,9,3,7,27,40,25,39,25,28,12,14,7,25,3,13	4,7,0,0,3,6,5,10,4,6,3,5,3,0,5,1,1,0	23,20,11,5,7,22,2,5,25,12,10,28,9,15,19,32,30,18	98	49	1.07436282093e-12	1.7010744664725e-09	0.0,0.04,0.0,0.0,0.0,0.0,0.1,0.012,0.0,0.0,0.091,0.018,0.0,0.0,0.0,0.057,0.0,0.0	0.08,0.149,0.0,0.0,0.176,0.12,0.556,0.5,0.074,0.2,0.13,0.082,0.143,0.0,0.116,0.015,0.016,0.0	-0.113	RI	-0.113	RI_chr1_+_30355423-30355786-30355423-30355569-30355662-30355786											30355423.0	30355786.0
2986	AT2G46980	ASY3	chr2	-			19300295.0	19300430.0	19300902.0	19300961.0	2986	6,7,2,2,9,19,4,8,2,6,18,7,11,20,8,17,2,0	5,3,6,7,3,9,3,4,4,18,5,9,9,1,5,12,5,3	2,17,13,16,6,7,1,10,13,26,29,13,12,18,19,27,20,6	11,2,7,8,0,2,3,2,4,0,2,9,3,7,0,7,6,6	98	49	0.000332858174142	0.0152026569920624	0.375,0.538,0.143,0.125,0.6,0.514,0.4,0.5,0.2,0.143,0.643,0.28,0.379,0.909,0.444,0.415,0.167,0.0	0.083,0.81,0.481,0.5,1.0,0.636,0.143,0.714,0.619,1.0,0.879,0.419,0.667,0.562,1.0,0.659,0.625,0.333	-0.242	RI	-0.242	RI_chr2_-_19300295-19300961-19300295-19300430-19300902-19300961											19300295.0	19300961.0
3264	AT1G49390		chr1	+			18279558.0	18279833.0	18279906.0	18280154.0	3264	3,8,6,1,0,4,11,13,4,1,8,0,24,1,2,14,3,13	18,13,28,21,12,7,24,12,19,30,22,3,15,8,2,21,6,18	4,9,7,14,5,7,7,2,15,6,9,24,8,15,16,20,15,5	31,14,11,15,17,20,1,3,16,8,7,16,5,16,11,32,9,6	98	49	0.000133712844215	0.0075611429764434	0.077,0.235,0.097,0.023,0.0,0.222,0.186,0.351,0.095,0.016,0.154,0.0,0.444,0.059,0.333,0.25,0.2,0.265	0.061,0.243,0.241,0.318,0.128,0.149,0.778,0.25,0.319,0.273,0.391,0.429,0.444,0.319,0.421,0.238,0.455,0.294	-0.152	RI	-0.152	RI_chr1_+_18279558-18280154-18279558-18279833-18279906-18280154											18279558.0	18280154.0
3269	AT1G21580		chr1	-			7557139.0	7558211.0	7558474.0	7558578.0	3269	11,9,9,1,11,4,6,20,4,27,5,6,8,9,8,22,8,16	15,7,21,10,4,9,22,16,7,19,8,2,4,8,22,3,10,15	13,3,12,4,3,6,8,4,0,1,4,9,0,13,4,2,2,8	12,6,2,15,7,6,15,18,21,16,18,10,8,15,9,16,6,11	98	49	0.000897540310496	0.0302362870557163	0.268,0.391,0.176,0.048,0.579,0.182,0.12,0.385,0.222,0.415,0.238,0.6,0.5,0.36,0.154,0.786,0.286,0.348	0.351,0.2,0.75,0.118,0.176,0.333,0.211,0.1,0.0,0.03,0.1,0.31,0.0,0.302,0.182,0.059,0.143,0.267	0.135	RI	0.135	RI_chr1_-_7557139-7558578-7557139-7558211-7558474-7558578											7557139.0	7558578.0
3307	AT1G18660		chr1	+			6420974.0	6421303.0	6421397.0	6421501.0	3307	4,5,7,5,4,1,10,6,3,4,9,0,13,0,0,3,0,1	22,10,17,4,4,1,1,15,9,28,15,14,11,4,14,5,2,12	4,8,10,6,3,3,7,13,6,3,1,1,4,6,10,3,1,10	4,12,11,6,1,1,1,1,10,3,3,6,5,3,18,12,8,5	98	49	0.00167543999922	0.048824171756411	0.083,0.2,0.171,0.385,0.333,0.333,0.833,0.167,0.143,0.067,0.231,0.0,0.371,0.0,0.0,0.231,0.0,0.04	0.333,0.25,0.312,0.333,0.6,0.6,0.778,0.867,0.231,0.333,0.143,0.077,0.286,0.5,0.217,0.111,0.059,0.5	-0.163	RI	-0.163	RI_chr1_+_6420974-6421501-6420974-6421303-6421397-6421501											6420974.0	6421501.0
3886	AT4G01995		chr4	+			873876.0	873968.0	874071.0	874152.0	3886	14,3,18,27,8,2,8,2,14,15,0,18,7,9,10,9,1,7	16,11,11,7,29,9,33,25,8,25,17,9,25,10,14,11,12,10	19,10,4,7,3,7,1,5,0,1,3,3,0,9,3,0,1,5	10,35,36,22,26,10,15,31,17,1,25,26,13,8,20,18,16,12	98	49	1.34135813304e-05	0.0012252790638346	0.304,0.12,0.45,0.659,0.121,0.1,0.108,0.038,0.467,0.231,0.0,0.5,0.123,0.31,0.263,0.29,0.04,0.259	0.487,0.125,0.053,0.137,0.055,0.259,0.032,0.075,0.0,0.333,0.057,0.055,0.0,0.36,0.07,0.0,0.03,0.172	0.116	RI	0.116	RI_chr4_+_873876-874152-873876-873968-874071-874152											873876.0	874152.0
4000	AT3G29185		chr3	-			11156183.0	11156304.0	11156793.0	11156888.0	4000	9,0,8,2,2,2,6,13,21,16,10,0,8,15,3,9,0,9	18,15,9,15,9,17,17,14,15,20,15,12,21,18,10,20,1,32	18,36,10,7,4,8,10,8,22,9,18,13,5,9,5,9,7,11	22,29,19,20,6,11,8,7,13,12,11,15,6,14,13,8,11,8	98	49	5.96089063618e-05	0.0038786617153226	0.2,0.0,0.308,0.062,0.1,0.056,0.15,0.317,0.412,0.286,0.25,0.0,0.16,0.294,0.13,0.184,0.0,0.123	0.29,0.383,0.208,0.149,0.25,0.267,0.385,0.364,0.458,0.273,0.45,0.302,0.294,0.243,0.161,0.36,0.241,0.407	-0.136	RI	-0.136	RI_chr3_-_11156183-11156888-11156183-11156304-11156793-11156888											11156183.0	11156888.0
4014	AT5G21930	PAA2	chr5	+			7248085.0	7248217.0	7248348.0	7248499.0	4014	25,19,16,23,23,12,11,20,46,31,4,38,0,2,2,8,0,11	9,4,8,4,0,7,3,6,9,1,2,7,9,3,5,4,2,10	6,54,0,1,2,2,5,7,1,6,4,0,0,0,4,2,0,38	3,7,1,2,7,1,9,1,7,0,2,3,6,9,5,2,9,1	98	49	0.00091891102402	0.0307382208739084	0.581,0.704,0.5,0.742,1.0,0.462,0.647,0.625,0.719,0.939,0.5,0.731,0.0,0.25,0.167,0.5,0.0,0.355	0.5,0.794,0.0,0.2,0.125,0.5,0.217,0.778,0.067,1.0,0.5,0.0,0.0,0.0,0.286,0.333,0.0,0.95	0.176	RI	0.176	RI_chr5_+_7248085-7248499-7248085-7248217-7248348-7248499											7248085.0	7248499.0
4095	AT5G25560		chr5	+			8897796.0	8898083.0	8898180.0	8898983.0	4095	18,22,22,1,16,9,44,35,18,21,54,9,34,16,21,29,9,79	0,0,0,0,0,0,2,4,0,0,2,0,1,6,2,0,0,0	22,30,18,21,8,21,20,25,31,26,17,22,24,15,43,21,32,25	5,4,0,3,0,0,5,0,3,3,6,3,5,0,2,0,1,7	98	49	8.0169870742e-11	7.61613772049e-08	1.0,1.0,1.0,1.0,1.0,1.0,0.917,0.814,1.0,1.0,0.931,1.0,0.944,0.571,0.84,1.0,1.0,1.0	0.687,0.789,1.0,0.778,1.0,1.0,0.667,1.0,0.838,0.812,0.586,0.786,0.706,1.0,0.915,1.0,0.941,0.641	0.104	RI	0.104	RI_chr5_+_8897796-8898983-8897796-8898083-8898180-8898983											8897796.0	8898983.0
4636	AT3G60070		chr3	-			22183242.0	22183467.0	22183554.0	22183756.0	4636	32,8,35,26,17,18,21,28,27,20,29,21,15,14,11,15,15,41	7,5,1,2,4,10,3,8,4,3,12,5,5,10,0,8,15,2	11,48,23,26,13,19,16,17,21,13,28,22,17,18,26,24,25,39	0,6,3,3,0,4,2,10,1,0,5,6,1,3,0,2,4,2	98	49	0.000788649371086	0.0269891184593597	0.696,0.444,0.946,0.867,0.68,0.474,0.778,0.636,0.771,0.769,0.547,0.677,0.6,0.412,1.0,0.484,0.333,0.911	1.0,0.8,0.793,0.812,1.0,0.704,0.8,0.459,0.913,1.0,0.737,0.647,0.895,0.75,1.0,0.857,0.758,0.907	-0.156	RI	-0.156	RI_chr3_-_22183242-22183756-22183242-22183467-22183554-22183756											22183242.0	22183756.0
4664	AT2G16980		chr2	+			7380438.0	7380517.0	7380682.0	7380753.0	4664	2,0,2,2,6,4,14,0,4,2,5,0,0,3,9,0,6,0	6,23,17,9,3,2,20,17,5,5,14,6,3,14,18,12,0,10	4,5,0,3,0,0,1,4,3,0,0,1,1,0,2,0,0,3	9,48,3,23,4,10,36,19,5,2,11,11,7,10,22,26,20,18	98	49	5.73642646939e-06	0.0006336750169675	0.143,0.0,0.056,0.1,0.5,0.5,0.259,0.0,0.286,0.167,0.152,0.0,0.0,0.097,0.2,0.0,1.0,0.0	0.182,0.05,0.0,0.061,0.0,0.0,0.014,0.095,0.231,0.0,0.0,0.043,0.067,0.0,0.043,0.0,0.0,0.077	0.144	RI	0.144	RI_chr2_+_7380438-7380753-7380438-7380517-7380682-7380753											7380438.0	7380753.0
5187	AT3G13430		chr3	+			4367191.0	4367425.0	4367724.0	4369029.0	5187	0,2,14,3,5,0,8,2,12,13,3,9,2,11,1,5,0,1	13,16,18,32,8,14,28,21,32,24,26,12,9,13,4,14,1,11	14,6,1,14,1,5,8,16,9,1,1,8,8,6,8,10,8,9	14,22,6,10,1,12,16,14,5,2,12,7,7,2,9,21,15,30	98	49	8.00152512334e-05	0.0048930439911375	0.0,0.059,0.28,0.045,0.238,0.0,0.125,0.045,0.158,0.213,0.055,0.273,0.1,0.297,0.111,0.152,0.0,0.043	0.333,0.12,0.077,0.412,0.333,0.172,0.2,0.364,0.474,0.2,0.04,0.364,0.364,0.6,0.308,0.192,0.211,0.13	-0.15	RI	-0.15	RI_chr3_+_4367191-4369029-4367191-4367425-4367724-4369029											4367191.0	4369029.0
5480	AT1G27921		chr1	-			9729599.0	9729747.0	9729855.0	9729979.0	5480	16,9,20,3,6,0,17,11,9,2,2,9,0,0,3,12,1,19	26,21,2,12,3,5,23,25,12,10,32,6,5,5,6,24,7,15	35,15,2,5,2,17,46,27,22,12,52,6,0,0,26,32,31,17	30,5,13,2,4,11,6,23,10,11,30,4,2,8,18,21,17,26	98	49	0.000264729335337	0.0128312688045994	0.235,0.176,0.833,0.111,0.5,0.0,0.27,0.18,0.273,0.091,0.03,0.429,0.0,0.0,0.2,0.2,0.067,0.388	0.368,0.6,0.071,0.556,0.2,0.436,0.793,0.37,0.524,0.353,0.464,0.429,0.0,0.0,0.419,0.432,0.477,0.246	-0.153	RI	-0.153	RI_chr1_-_9729599-9729979-9729599-9729747-9729855-9729979											9729599.0	9729979.0
5481	AT5G67170		chr5	+			26800220.0	26800296.0	26800375.0	26800525.0	5481	24,8,21,0,16,2,26,10,14,8,18,6,13,25,15,23,12,18	24,28,23,25,11,42,41,20,16,50,41,18,38,24,18,27,13,34	16,8,13,7,10,4,0,2,2,0,11,1,2,7,6,5,9,14	55,48,26,24,23,27,20,18,25,9,13,28,18,29,23,30,60,26	98	49	1.26850550841e-07	2.738818711339773e-05	0.333,0.125,0.313,0.0,0.421,0.023,0.241,0.2,0.304,0.074,0.18,0.143,0.146,0.342,0.294,0.299,0.316,0.209	0.127,0.077,0.2,0.127,0.179,0.069,0.0,0.053,0.038,0.0,0.297,0.018,0.053,0.108,0.115,0.077,0.07,0.212	0.119	RI	0.119	RI_chr5_+_26800220-26800525-26800220-26800296-26800375-26800525											26800220.0	26800525.0
