sample_name	study_id	is_flight	UMAP1	UMAP2	cluster
GLDS-314_rna_seq_21H5_WT_RED_Col0_1g_Rep1	OSD-314	0	-12.053317	-18.913324	6
GLDS-314_rna_seq_22A6_WT_RED_Col0_1g_Rep2	OSD-314	0	-12.109015	-18.65253	6
GLDS-314_rna_seq_23B6_WT_RED_Col0_1g_Rep3	OSD-314	0	-12.040482	-18.827688	6
GLDS-314_rna_seq_30H7_WT_DARK_Col0_1g_Rep1	OSD-314	0	-12.262074	-18.74281	6
GLDS-314_rna_seq_31A8_WT_DARK_Col0_1g_Rep2	OSD-314	0	-12.019713	-19.000162	6
GLDS-314_rna_seq_32B8_WT_DARK_Col0_1g_Rep3	OSD-314	0	-11.960696	-18.508947	6
GLDS-314_rna_seq_05G4_WT_RED_Col0_03g_Rep1	OSD-314	1	-12.231113	-18.808376	6
GLDS-314_rna_seq_06H4_WT_RED_Col0_03g_Rep2	OSD-314	1	-12.136984	-18.729172	6
GLDS-314_rna_seq_07A5_WT_RED_Col0_03g_Rep3	OSD-314	1	-12.083517	-18.935272	6
GLDS-314_rna_seq_13I4_WT_DARK_Col0_03g_Rep1	OSD-314	1	-12.285878	-18.852873	6
GLDS-314_rna_seq_14J4_WT_DARK_Col0_03g_Rep2	OSD-314	1	-11.693885	-18.3845	2
GLDS-314_rna_seq_15A7_WT_DARK_Col0_03g_Rep3	OSD-314	1	-12.099358	-18.770596	6
GLDS-314_rna_seq_JBA1_WT_DARK_Col0_0g_Rep1	OSD-314	1	-12.067956	-18.582716	6
GLDS-314_rna_seq_JBB1_WT_DARK_Col0_0g_Rep2	OSD-314	1	-11.714925	-18.634104	6
GLDS-314_rna_seq_JBH2_WT_RED_Col0_0g_Rep1	OSD-314	1	-12.39764	-18.606546	6
GLDS-314_rna_seq_JBA3_WT_RED_Col0_0g_Rep2	OSD-314	1	-12.206832	-18.99758	6
GLDS-314_rna_seq_JBB3_WT_RED_Col0_0g_Rep3	OSD-314	1	-11.8527775	-18.875032	6
GLDS-120_rna_seq_Atha_Col-0_root_GC_Alight_Rep1_GSM2493759_Day13_GLbulkRNAseq	OSD-120	0	-12.283442	23.240505	4
GLDS-120_rna_seq_Atha_Col-0_root_GC_Alight_Rep2_GSM2493760_Day13_GLbulkRNAseq	OSD-120	0	-12.071347	23.365627	4
GLDS-120_rna_seq_Atha_Ws_root_GC_Alight_Rep1_GSM2493762_Day13_GLbulkRNAseq	OSD-120	0	-12.122497	23.473774	4
GLDS-120_rna_seq_Atha_Ws_root_GC_Alight_Rep2_GSM2493763_Day13_GLbulkRNAseq	OSD-120	0	-11.7864485	23.789034	4
GLDS-120_rna_seq_Atha_Ws_root_GC_Alight_Rep3_GSM2493764_Day13_GLbulkRNAseq	OSD-120	0	-11.95164	23.904854	4
GLDS-120_rna_seq_Atha_Col-0-PhyD_root_GC_Alight_Rep1_GSM2493765_Day13_GLbulkRNAseq	OSD-120	0	-11.844119	23.758999	4
GLDS-120_rna_seq_Atha_Col-0-PhyD_root_GC_Alight_Rep2_GSM2493766_Day13_GLbulkRNAseq	OSD-120	0	-12.171519	23.427927	4
GLDS-120_rna_seq_Atha_Col-0-PhyD_root_GC_Alight_Rep3_GSM2493767_Day13_GLbulkRNAseq	OSD-120	0	-12.2390375	23.302046	4
GLDS-120_rna_seq_Atha_Col-0_root_GC_dark_Rep1_GSM2493768_Day13_GLbulkRNAseq	OSD-120	0	-12.26683	23.081081	4
GLDS-120_rna_seq_Atha_Col-0_root_GC_dark_Rep2_GSM2493769_Day13_GLbulkRNAseq	OSD-120	0	-12.138624	23.381868	4
GLDS-120_rna_seq_Atha_Col-0_root_GC_dark_Rep3_GSM2493770_Day13_GLbulkRNAseq	OSD-120	0	-11.817499	23.259783	4
GLDS-120_rna_seq_Atha_Ws_root_GC_dark_Rep1_GSM2493771_Day13_GLbulkRNAseq	OSD-120	0	-12.1281395	23.594013	4
GLDS-120_rna_seq_Atha_Ws_root_GC_dark_Rep2_GSM2493772_Day13_GLbulkRNAseq	OSD-120	0	-11.639839	23.497543	4
GLDS-120_rna_seq_Atha_Ws_root_GC_dark_Rep3_GSM2493773_Day13_GLbulkRNAseq	OSD-120	0	-11.471875	23.841768	4
GLDS-120_rna_seq_Atha_Col-0-PhyD_root_GC_dark_Rep1_GSM2493774_Day13_GLbulkRNAseq	OSD-120	0	-11.511984	23.763227	4
GLDS-120_rna_seq_Atha_Col-0-PhyD_root_GC_dark_Rep2_GSM2493775_Day13_GLbulkRNAseq	OSD-120	0	-11.810783	23.688536	4
GLDS-120_rna_seq_Atha_Col-0-PhyD_root_GC_dark_Rep3_GSM2493776_Day13_GLbulkRNAseq	OSD-120	0	-11.998084	23.0563	4
GLDS-120_rna_seq_Atha_Col-0_root_FLT_Alight_Rep1_GSM2493777_Day13_GLbulkRNAseq	OSD-120	1	-12.403105	23.375954	4
GLDS-120_rna_seq_Atha_Col-0_root_FLT_Alight_Rep2_GSM2493778_Day13_GLbulkRNAseq	OSD-120	1	-12.383006	23.777477	4
GLDS-120_rna_seq_Atha_Col-0_root_FLT_Alight_Rep3_GSM2493779_Day13_GLbulkRNAseq	OSD-120	1	-12.0538225	23.484638	4
GLDS-120_rna_seq_Atha_Ws_root_FLT_Alight_Rep1_GSM2493780_Day13_GLbulkRNAseq	OSD-120	1	-11.626289	23.281982	4
GLDS-120_rna_seq_Atha_Ws_root_FLT_Alight_Rep2_GSM2493781_Day13_GLbulkRNAseq	OSD-120	1	-11.808538	23.4908	4
GLDS-120_rna_seq_Atha_Ws_root_FLT_Alight_Rep3_GSM2493782_Day13_GLbulkRNAseq	OSD-120	1	-11.583253	23.87227	4
GLDS-120_rna_seq_Atha_Col-0-PhyD_root_FLT_Alight_Rep1_GSM2493783_Day13_GLbulkRNAseq	OSD-120	1	-11.769368	23.695808	4
GLDS-120_rna_seq_Atha_Col-0-PhyD_root_FLT_Alight_Rep2_GSM2493784_Day13_GLbulkRNAseq	OSD-120	1	-11.793733	23.158424	4
GLDS-120_rna_seq_Atha_Col-0-PhyD_root_FLT_Alight_Rep3_GSM2493785_Day13_GLbulkRNAseq	OSD-120	1	-12.355906	23.539068	4
GLDS-120_rna_seq_Atha_Col-0_root_FLT_dark_Rep1_GSM2493786_Day13_GLbulkRNAseq	OSD-120	1	-12.507369	23.129698	4
GLDS-120_rna_seq_Atha_Col-0_root_FLT_dark_Rep2_GSM2493787_Day13_GLbulkRNAseq	OSD-120	1	-12.260593	23.890587	4
GLDS-120_rna_seq_Atha_Col-0_root_FLT_dark_Rep3_GSM2493788_Day13_GLbulkRNAseq	OSD-120	1	-11.826892	23.27905	4
GLDS-120_rna_seq_Atha_Ws_root_FLT_dark_Rep1_GSM2493789_Day13_GLbulkRNAseq	OSD-120	1	-11.364999	23.64363	4
GLDS-120_rna_seq_Atha_Ws_root_FLT_dark_Rep2_GSM2493790_Day13_GLbulkRNAseq	OSD-120	1	-11.502772	23.75707	4
GLDS-120_rna_seq_Atha_Ws_root_FLT_dark_Rep3_GSM2493791_Day13_GLbulkRNAseq	OSD-120	1	-11.66806	24.001602	4
GLDS-120_rna_seq_Atha_Col-0-PhyD_root_FLT_dark_Rep1_GSM2493792_Day13_GLbulkRNAseq	OSD-120	1	-12.203483	23.66767	4
GLDS-120_rna_seq_Atha_Col-0-PhyD_root_FLT_dark_Rep2_GSM2493793_Day13_GLbulkRNAseq	OSD-120	1	-11.995226	22.940674	4
GLDS-120_rna_seq_Atha_Col-0-PhyD_root_FLT_dark_Rep3_GSM2493794_Day13_GLbulkRNAseq	OSD-120	1	-12.53274	23.281223	4
GLDS-120_rna_seq_Atha_Col-0_root_GC_Alight_Rep3_GSM2493761_Day13_GLbulkRNAseq	OSD-120	0	-12.549963	23.64308	4
GLDS-37_rna_seq_Atha_Ws-2_sl-pool_FLT_Rep1_R1-FL-C1_GLbulkRNAseq	OSD-37	1	-18.479794	11.222585	0
GLDS-37_rna_seq_Atha_Ler-0_sl-pool_FLT_Rep1_R1-FL-C2_GLbulkRNAseq	OSD-37	1	-17.762081	11.182539	0
GLDS-37_rna_seq_Atha_Cvi-0_sl-pool_FLT_Rep1_R1-FL-C3_GLbulkRNAseq	OSD-37	1	-18.188126	10.749832	0
GLDS-37_rna_seq_Atha_Ws-2_sl-pool_FLT_Rep2_R1-FL-C4_GLbulkRNAseq	OSD-37	1	-18.187042	11.225486	0
GLDS-37_rna_seq_Atha_Ler-0_sl-pool_FLT_Rep2_R1-FL-C5_GLbulkRNAseq	OSD-37	1	-17.843176	10.991335	0
GLDS-37_rna_seq_Atha_Ws-2_sl-pool_FLT_Rep3_R1-FL-D1_GLbulkRNAseq	OSD-37	1	-18.446037	10.735969	0
GLDS-37_rna_seq_Atha_Cvi-0_sl-pool_FLT_Rep2_R1-FL-D2_GLbulkRNAseq	OSD-37	1	-17.71424	11.295579	0
GLDS-37_rna_seq_Atha_Ler-0_sl-pool_FLT_Rep3_R1-FL-D3_GLbulkRNAseq	OSD-37	1	-18.020725	10.817671	0
GLDS-37_rna_seq_Atha_Ws-2_sl-pool_FLT_Rep4_R1-FL-D4_GLbulkRNAseq	OSD-37	1	-18.254713	11.499997	0
GLDS-37_rna_seq_Atha_Cvi-0_sl-pool_FLT_Rep3_R1-FL-D5_GLbulkRNAseq	OSD-37	1	-17.916115	11.258045	0
GLDS-37_rna_seq_Atha_Ws-2_sl-pool_GC_Rep1_R1-GC-C1_GLbulkRNAseq	OSD-37	0	-18.514883	11.195869	0
GLDS-37_rna_seq_Atha_Ler-0_sl-pool_GC_Rep1_R1-GC-C2_GLbulkRNAseq	OSD-37	0	-17.964193	10.759444	0
GLDS-37_rna_seq_Atha_Cvi-0_sl-pool_GC_Rep1_R1-GC-C3_GLbulkRNAseq	OSD-37	0	-17.763248	10.974033	0
GLDS-37_rna_seq_Atha_Ws-2_sl-pool_GC_Rep2_R1-GC-C4_GLbulkRNAseq	OSD-37	0	-17.958273	10.687753	0
GLDS-37_rna_seq_Atha_Ler-0_sl-pool_GC_Rep2_R1-GC-C5_GLbulkRNAseq	OSD-37	0	-17.731812	10.746024	0
GLDS-37_rna_seq_Atha_Ws-2_sl-pool_GC_Rep3_R1-GC-D1_GLbulkRNAseq	OSD-37	0	-18.143902	11.087828	0
GLDS-37_rna_seq_Atha_Cvi-0_sl-pool_GC_Rep2_R1-GC-D2_GLbulkRNAseq	OSD-37	0	-17.948238	11.244292	0
GLDS-37_rna_seq_Atha_Ler-0_sl-pool_GC_Rep3_R1-GC-D3_GLbulkRNAseq	OSD-37	0	-17.554007	10.698484	0
GLDS-37_rna_seq_Atha_Ws-2_sl-pool_GC_Rep4_R1-GC-D4_GLbulkRNAseq	OSD-37	0	-18.330996	10.851334	0
GLDS-37_rna_seq_Atha_Cvi-0_sl-pool_GC_Rep3_R1-GC-D5_GLbulkRNAseq	OSD-37	0	-17.662859	10.62948	0
GLDS-37_rna_seq_Atha_Ws-2_sl-pool_FLT_Rep5_R2-FL-C1_GLbulkRNAseq	OSD-37	1	-18.607958	10.757702	0
GLDS-37_rna_seq_Atha_Ler-0_sl-pool_FLT_Rep4_R2-FL-C2_GLbulkRNAseq	OSD-37	1	-18.59829	11.104837	0
GLDS-37_rna_seq_Atha_Cvi-0_sl-pool_FLT_Rep4_R2-FL-C3_GLbulkRNAseq	OSD-37	1	-18.735392	10.799321	0
GLDS-37_rna_seq_Atha_Ws-2_sl-pool_FLT_Rep6_R2-FL-C4_GLbulkRNAseq	OSD-37	1	-18.324741	10.558739	0
GLDS-37_rna_seq_Atha_Ler-0_sl-pool_FLT_Rep5_R2-FL-C5_GLbulkRNAseq	OSD-37	1	-18.361616	10.395511	0
GLDS-37_rna_seq_Atha_Ws-2_sl-pool_FLT_Rep7_R2-FL-D1_GLbulkRNAseq	OSD-37	1	-18.305729	10.439547	0
GLDS-37_rna_seq_Atha_Cvi-0_sl-pool_FLT_Rep5_R2-FL-D2_GLbulkRNAseq	OSD-37	1	-18.716736	10.689172	0
GLDS-37_rna_seq_Atha_Ler-0_sl-pool_FLT_Rep6_R2-FL-D3_GLbulkRNAseq	OSD-37	1	-18.301954	10.590008	0
GLDS-37_rna_seq_Atha_Ws-2_sl-pool_FLT_Rep8_R2-FL-D4_GLbulkRNAseq	OSD-37	1	-18.290598	11.464806	0
GLDS-37_rna_seq_Atha_Cvi-0_sl-pool_FLT_Rep6_R2-FL-D5_GLbulkRNAseq	OSD-37	1	-17.751957	11.079628	0
GLDS-37_rna_seq_Atha_Ws-2_sl-pool_GC_Rep5_R2-GC-C1_GLbulkRNAseq	OSD-37	0	-18.109426	10.699435	0
GLDS-37_rna_seq_Atha_Ler-0_sl-pool_GC_Rep4_R2-GC-C2_GLbulkRNAseq	OSD-37	0	-18.10607	10.987238	0
GLDS-37_rna_seq_Atha_Cvi-0_sl-pool_GC_Rep4_R2-GC-C3_GLbulkRNAseq	OSD-37	0	-18.396627	11.087356	0
GLDS-37_rna_seq_Atha_Ws-2_sl-pool_GC_Rep6_R2-GC-C4_GLbulkRNAseq	OSD-37	0	-18.361568	10.976382	0
GLDS-37_rna_seq_Atha_Ler-0_sl-pool_GC_Rep5_R2-GC-C5_GLbulkRNAseq	OSD-37	0	-18.06786	10.364895	0
GLDS-37_rna_seq_Atha_Ws-2_sl-pool_GC_Rep7_R2-GC-D1_GLbulkRNAseq	OSD-37	0	-18.577728	10.443594	0
GLDS-37_rna_seq_Atha_Cvi-0_sl-pool_GC_Rep5_R2-GC-D2_GLbulkRNAseq	OSD-37	0	-18.201242	11.591647	0
GLDS-37_rna_seq_Atha_Ler-0_sl-pool_GC_Rep6_R2-GC-D3_GLbulkRNAseq	OSD-37	0	-17.961939	10.8972025	0
GLDS-37_rna_seq_Atha_Ws-2_sl-pool_GC_Rep8_R2-GC-D4_GLbulkRNAseq	OSD-37	0	-18.712135	11.20359	0
GLDS-37_rna_seq_Atha_Cvi-0_sl-pool_GC_Rep6_R2-GC-D5_GLbulkRNAseq	OSD-37	0	-17.608353	10.570802	0
GLDS-37_rna_seq_Atha_Col-0_sl-pool_FLT_Rep1_R1-FL-A1_GLbulkRNAseq	OSD-37	1	-17.79862	10.361704	0
GLDS-37_rna_seq_Atha_Col-0_sl-pool_FLT_Rep2_R1-FL-A4_GLbulkRNAseq	OSD-37	1	-17.378021	11.199332	0
GLDS-37_rna_seq_Atha_Col-0_sl-pool_FLT_Rep3_R1-FL-B1_GLbulkRNAseq	OSD-37	1	-17.583992	10.988832	0
GLDS-37_rna_seq_Atha_Col-0_sl-pool_FLT_Rep4_R1-FL-B4_GLbulkRNAseq	OSD-37	1	-17.983406	11.627051	0
GLDS-37_rna_seq_Atha_Col-0_sl-pool_GC_Rep1_R1-GC-A1_GLbulkRNAseq	OSD-37	0	-17.298033	10.948156	0
GLDS-37_rna_seq_Atha_Col-0_sl-pool_GC_Rep2_R1-GC-A4_GLbulkRNAseq	OSD-37	0	-17.781412	11.421028	0
GLDS-37_rna_seq_Atha_Col-0_sl-pool_GC_Rep3_R1-GC-B1_GLbulkRNAseq	OSD-37	0	-18.096256	11.513835	0
GLDS-37_rna_seq_Atha_Col-0_sl-pool_GC_Rep4_R1-GC-B4_GLbulkRNAseq	OSD-37	0	-17.700136	10.255694	0
GLDS-37_rna_seq_Atha_Col-0_sl-pool_FLT_Rep5_R2-FL-A1_GLbulkRNAseq	OSD-37	1	-17.321056	11.06498	0
GLDS-37_rna_seq_Atha_Col-0_sl-pool_FLT_Rep6_R2-FL-A4_GLbulkRNAseq	OSD-37	1	-18.801952	10.497698	0
GLDS-37_rna_seq_Atha_Col-0_sl-pool_FLT_Rep7_R2-FL-B1_GLbulkRNAseq	OSD-37	1	-18.87573	11.01738	0
GLDS-37_rna_seq_Atha_Col-0_sl-pool_FLT_Rep8_R2-FL-B4_GLbulkRNAseq	OSD-37	1	-18.232939	11.445733	0
GLDS-37_rna_seq_Atha_Col-0_sl-pool_GC_Rep5_R2-GC-A1_GLbulkRNAseq	OSD-37	0	-18.723871	10.959896	0
GLDS-37_rna_seq_Atha_Col-0_sl-pool_GC_Rep6_R2-GC-A4_GLbulkRNAseq	OSD-37	0	-18.658644	10.237938	0
GLDS-37_rna_seq_Atha_Col-0_sl-pool_GC_Rep7_R2-GC-B1_GLbulkRNAseq	OSD-37	0	-18.19922	10.167503	0
GLDS-37_rna_seq_Atha_Col-0_sl-pool_GC_Rep8_R2-GC-B4_GLbulkRNAseq	OSD-37	0	-18.688528	10.638047	0
GLDS-612_rna_seq_Flight_Col-0_Dark_bio_rep1_GLbulkRNAseq	OSD-678	1	5.616193	-9.828254	1
GLDS-612_rna_seq_Flight_Col-0_Dark_bio_rep2_GLbulkRNAseq	OSD-678	1	5.6540937	-10.105227	1
GLDS-612_rna_seq_Flight_Col-0_Dark_bio_rep3_GLbulkRNAseq	OSD-678	1	5.7117996	-10.02387	1
GLDS-612_rna_seq_Flight_Col-0_Light_bio_rep1_GLbulkRNAseq	OSD-678	1	5.4834876	-9.946739	1
GLDS-612_rna_seq_Flight_Col-0_Light_bio_rep2_GLbulkRNAseq	OSD-678	1	5.589955	-9.716914	1
GLDS-612_rna_seq_Flight_Col-0_Light_bio_rep3_GLbulkRNAseq	OSD-678	1	5.422485	-9.972574	1
GLDS-612_rna_seq_Flight_phyD_Dark_bio_rep1_GLbulkRNAseq	OSD-678	1	5.208941	-9.718887	1
GLDS-612_rna_seq_Flight_phyD_Dark_bio_rep2_GLbulkRNAseq	OSD-678	1	5.805037	-9.844545	1
GLDS-612_rna_seq_Flight_phyD_Dark_bio_rep3_GLbulkRNAseq	OSD-678	1	5.266952	-9.9166975	1
GLDS-612_rna_seq_Flight_phyD_Light_bio_rep1_GLbulkRNAseq	OSD-678	1	5.619036	-9.8340845	1
GLDS-612_rna_seq_Flight_phyD_Light_bio_rep2_GLbulkRNAseq	OSD-678	1	5.579512	-10.132366	1
GLDS-612_rna_seq_Flight_phyD_Light_bio_rep3_GLbulkRNAseq	OSD-678	1	5.6903152	-9.659579	1
GLDS-612_rna_seq_Flight_Ws_Dark_bio_rep1_GLbulkRNAseq	OSD-678	1	5.730626	-10.172296	1
GLDS-612_rna_seq_Flight_Ws_Dark_bio_rep2_GLbulkRNAseq	OSD-678	1	5.118599	-10.281462	1
GLDS-612_rna_seq_Flight_Ws_Dark_bio_rep3_GLbulkRNAseq	OSD-678	1	5.1024327	-10.05708	1
GLDS-612_rna_seq_Flight_Ws_Light_bio_rep1_GLbulkRNAseq	OSD-678	1	5.3227587	-9.562565	1
GLDS-612_rna_seq_Flight_Ws_Light_bio_rep2_GLbulkRNAseq	OSD-678	1	5.3459845	-10.277845	1
GLDS-612_rna_seq_Flight_Ws_Light_bio_rep3_GLbulkRNAseq	OSD-678	1	5.396814	-9.922513	1
GLDS-612_rna_seq_Ground_control_Col-0_Dark_bio_rep1_GLbulkRNAseq	OSD-678	0	5.3025756	-9.59198	1
GLDS-612_rna_seq_Ground_control_Col-0_Dark_bio_rep2_GLbulkRNAseq	OSD-678	0	5.433601	-10.087045	1
GLDS-612_rna_seq_Ground_control_Col-0_Dark_bio_rep3_GLbulkRNAseq	OSD-678	0	5.694858	-9.705163	1
GLDS-612_rna_seq_Ground_control_Col-0_Light_bio_rep1_GLbulkRNAseq	OSD-678	0	5.01838	-9.918622	1
GLDS-612_rna_seq_Ground_control_Col-0_Light_bio_rep2_GLbulkRNAseq	OSD-678	0	5.8461137	-10.464832	1
GLDS-612_rna_seq_Ground_control_Col-0_Light_bio_rep3_GLbulkRNAseq	OSD-678	0	5.8452272	-9.712945	1
GLDS-612_rna_seq_Ground_control_phyD_Dark_bio_rep1_GLbulkRNAseq	OSD-678	0	5.7405066	-10.292242	1
GLDS-612_rna_seq_Ground_control_phyD_Dark_bio_rep2_GLbulkRNAseq	OSD-678	0	5.40647	-9.586279	1
GLDS-612_rna_seq_Ground_control_phyD_Dark_bio_rep3_GLbulkRNAseq	OSD-678	0	5.4900484	-10.361832	1
GLDS-612_rna_seq_Ground_control_phyD_Light_bio_rep1_GLbulkRNAseq	OSD-678	0	6.030202	-9.955004	1
GLDS-612_rna_seq_Ground_control_phyD_Light_bio_rep2_GLbulkRNAseq	OSD-678	0	5.7629614	-9.705843	1
GLDS-612_rna_seq_Ground_control_phyD_Light_bio_rep3_GLbulkRNAseq	OSD-678	0	5.2784986	-9.586548	1
GLDS-612_rna_seq_Ground_control_Ws_Dark_bio_rep1_GLbulkRNAseq	OSD-678	0	5.705262	-9.858496	1
GLDS-612_rna_seq_Ground_control_Ws_Dark_bio_rep2_GLbulkRNAseq	OSD-678	0	5.289397	-10.46131	1
GLDS-612_rna_seq_Ground_control_Ws_Dark_bio_rep3_GLbulkRNAseq	OSD-678	0	5.242325	-10.155249	1
GLDS-612_rna_seq_Ground_control_Ws_Light_bio_rep1_GLbulkRNAseq	OSD-678	0	5.0152965	-9.797946	1
GLDS-612_rna_seq_Ground_control_Ws_Light_bio_rep2_GLbulkRNAseq	OSD-678	0	4.8565564	-10.176082	1
GLDS-612_rna_seq_Ground_control_Ws_Light_bio_rep3_GLbulkRNAseq	OSD-678	0	4.876268	-9.940931	1
GLDS-603_rna_seq_CWRU004177_S4_Aligned.sortedByCoord_sorted.out	OSD-658	1	-11.481861	-18.011934	2
GLDS-603_rna_seq_CWRU004178_S5_Aligned.sortedByCoord_sorted.out	OSD-658	1	-11.272368	-18.026886	2
GLDS-603_rna_seq_CWRU004179_S6_Aligned.sortedByCoord_sorted.out	OSD-658	1	-11.4814205	-18.067528	2
GLDS-603_rna_seq_CWRU004180_S7_Aligned.sortedByCoord_sorted.out	OSD-658	1	-11.448112	-18.032082	2
GLDS-603_rna_seq_CWRU004184_S11_Aligned.sortedByCoord_sorted.out	OSD-658	1	-11.316216	-17.810637	2
GLDS-603_rna_seq_CWRU004185_S12_Aligned.sortedByCoord_sorted.out	OSD-658	1	-11.308551	-17.935513	2
GLDS-603_rna_seq_CWRU004186_S13_Aligned.sortedByCoord_sorted.out	OSD-658	1	-11.170919	-18.20643	2
GLDS-603_rna_seq_CWRU004187_S14_Aligned.sortedByCoord_sorted.out	OSD-658	1	-11.401931	-18.110983	2
GLDS-603_rna_seq_CWRU004174_S1_Aligned.sortedByCoord_sorted.out	OSD-658	0	-11.216738	-18.18361	2
GLDS-603_rna_seq_CWRU004175_S2_Aligned.sortedByCoord_sorted.out	OSD-658	0	-11.528141	-17.869556	2
GLDS-603_rna_seq_CWRU004176_S3_Aligned.sortedByCoord_sorted.out	OSD-658	0	-11.112278	-18.080753	2
GLDS-603_rna_seq_CWRU004181_S8_Aligned.sortedByCoord_sorted.out	OSD-658	0	-11.318707	-18.241396	2
GLDS-603_rna_seq_CWRU004182_S9_Aligned.sortedByCoord_sorted.out	OSD-658	0	-11.235477	-18.146408	2
GLDS-603_rna_seq_CWRU004183_S10_Aligned.sortedByCoord_sorted.out	OSD-658	0	-11.220192	-17.882053	2
GLDS-476_rna_seq_GSM5691012_Aligned.sortedByCoord_sorted.out	OSD-476	1	12.149787	-26.037685	5
GLDS-476_rna_seq_GSM5691013_Aligned.sortedByCoord_sorted.out	OSD-476	1	12.596123	-26.073317	5
GLDS-476_rna_seq_GSM5691014_Aligned.sortedByCoord_sorted.out	OSD-476	1	12.5335045	-26.228582	5
GLDS-476_rna_seq_GSM5691016_Aligned.sortedByCoord_sorted.out	OSD-476	1	12.413887	-25.878736	5
GLDS-476_rna_seq_GSM5691017_Aligned.sortedByCoord_sorted.out	OSD-476	1	12.249642	-25.917135	5
GLDS-476_rna_seq_GSM5691018_Aligned.sortedByCoord_sorted.out	OSD-476	1	12.152582	-26.2285	5
GLDS-476_rna_seq_GSM5691020_Aligned.sortedByCoord_sorted.out	OSD-476	1	12.318568	-25.999863	5
GLDS-476_rna_seq_GSM5691021_Aligned.sortedByCoord_sorted.out	OSD-476	1	12.212025	-26.141394	5
GLDS-476_rna_seq_GSM5691022_Aligned.sortedByCoord_sorted.out	OSD-476	1	12.305732	-26.376148	5
GLDS-476_rna_seq_GSM5691024_Aligned.sortedByCoord_sorted.out	OSD-476	1	12.232096	-26.442709	5
GLDS-476_rna_seq_GSM5691025_Aligned.sortedByCoord_sorted.out	OSD-476	1	12.56833	-26.12841	5
GLDS-476_rna_seq_GSM5691026_Aligned.sortedByCoord_sorted.out	OSD-476	1	12.446174	-26.278023	5
GLDS-476_rna_seq_GSM5691011_Aligned.sortedByCoord_sorted.out	OSD-476	0	12.604137	-26.283228	5
GLDS-476_rna_seq_GSM5691015_Aligned.sortedByCoord_sorted.out	OSD-476	0	12.567282	-26.166348	5
GLDS-476_rna_seq_GSM5691019_Aligned.sortedByCoord_sorted.out	OSD-476	0	12.5622	-26.003471	5
GLDS-476_rna_seq_GSM5691023_Aligned.sortedByCoord_sorted.out	OSD-476	0	12.36218	-26.458149	5
GLDS-476_rna_seq_GSM5691027_Aligned.sortedByCoord_sorted.out	OSD-476	0	12.497892	-26.539837	5
GLDS-476_rna_seq_GSM5691028_Aligned.sortedByCoord_sorted.out	OSD-476	0	12.265805	-26.09124	5
GLDS-476_rna_seq_GSM5691029_Aligned.sortedByCoord_sorted.out	OSD-476	0	12.075883	-26.273026	5
GLDS-476_rna_seq_GSM5691030_Aligned.sortedByCoord_sorted.out	OSD-476	0	12.504994	-25.92214	5
GLDS-251_rna_seq_Atha_Ler-0_sl_FLT_0.09G_Rep1_Sample-131_Aligned.sortedByCoord.out	OSD-251	1	25.999596	-1.7730016	3
GLDS-251_rna_seq_Atha_Ler-0_sl_FLT_0.09G_Rep2_Sample-136_Aligned.sortedByCoord.out	OSD-251	1	26.27742	-1.6356412	3
GLDS-251_rna_seq_Atha_Ler-0_sl_FLT_0.09G_Rep3_Sample-139_Aligned.sortedByCoord.out	OSD-251	1	26.202055	-1.8688692	3
GLDS-251_rna_seq_Atha_Ler-0_sl_FLT_0.18G_Rep1_Sample-135_Aligned.sortedByCoord.out	OSD-251	1	25.865196	-1.8187524	3
GLDS-251_rna_seq_Atha_Ler-0_sl_FLT_0.18G_Rep2_Sample-151_Aligned.sortedByCoord.out	OSD-251	1	26.09967	-1.7853683	3
GLDS-251_rna_seq_Atha_Ler-0_sl_FLT_0.18G_Rep3_Sample-156_Aligned.sortedByCoord.out	OSD-251	1	26.036776	-2.0066562	3
GLDS-251_rna_seq_Atha_Ler-0_sl_FLT_0.36G_Rep1_Sample-154_Aligned.sortedByCoord.out	OSD-251	1	26.411625	-1.8847389	3
GLDS-251_rna_seq_Atha_Ler-0_sl_FLT_0.36G_Rep2_Sample-160_Aligned.sortedByCoord.out	OSD-251	1	26.24137	-1.8286755	3
GLDS-251_rna_seq_Atha_Ler-0_sl_FLT_0.36G_Rep3_Sample-211_Aligned.sortedByCoord.out	OSD-251	1	26.337423	-1.9186033	3
GLDS-251_rna_seq_Atha_Ler-0_sl_FLT_0.57G_Rep1_Sample-171_Aligned.sortedByCoord.out	OSD-251	1	26.198221	-1.9864498	3
GLDS-251_rna_seq_Atha_Ler-0_sl_FLT_0.57G_Rep2_Sample-176_Aligned.sortedByCoord.out	OSD-251	1	26.19027	-1.6191213	3
GLDS-251_rna_seq_Atha_Ler-0_sl_FLT_0.57G_Rep3_Sample-214_Aligned.sortedByCoord.out	OSD-251	1	25.982773	-1.7409683	3
GLDS-251_rna_seq_Atha_Ler-0_sl_FLT_0.57G_Rep4_Sample-231_Aligned.sortedByCoord.out	OSD-251	1	26.050983	-1.5058408	3
GLDS-251_rna_seq_Atha_Ler-0_sl_FLT_uG_Rep1_Sample-111_Aligned.sortedByCoord.out	OSD-251	1	26.286081	-2.0504384	3
GLDS-251_rna_seq_Atha_Ler-0_sl_FLT_uG_Rep2_Sample-114_Aligned.sortedByCoord.out	OSD-251	1	26.009388	-1.6315042	3
GLDS-251_rna_seq_Atha_Ler-0_sl_FLT_uG_Rep3_Sample-116_Aligned.sortedByCoord.out	OSD-251	1	25.872663	-1.5468941	3
GLDS-251_rna_seq_Atha_Ler-0_sl_FLT_uG_Rep4_Sample-120_Aligned.sortedByCoord.out	OSD-251	1	26.37536	-2.1547325	3
GLDS-251_rna_seq_Atha_Ler-0_sl_FLT_1G_Rep1_Sample-175_Aligned.sortedByCoord.out	OSD-251	0	26.228817	-2.0724192	3
GLDS-251_rna_seq_Atha_Ler-0_sl_FLT_1G_Rep2_Sample-179_Aligned.sortedByCoord.out	OSD-251	0	26.410223	-1.7347828	3
GLDS-251_rna_seq_Atha_Ler-0_sl_FLT_1G_Rep3_Sample-235_Aligned.sortedByCoord.out	OSD-251	0	26.350092	-1.99234	3
