sample_name	study_id	condition	tissue	genotype	light	replicate	is_flight
GLDS-314_rna_seq_21H5_WT_RED_Col0_1g_Rep1	OSD-314	control_gravity		Col0	red_light	Rep1	0
GLDS-314_rna_seq_22A6_WT_RED_Col0_1g_Rep2	OSD-314	control_gravity		Col0	red_light	Rep2	0
GLDS-314_rna_seq_23B6_WT_RED_Col0_1g_Rep3	OSD-314	control_gravity		Col0	red_light	Rep3	0
GLDS-314_rna_seq_30H7_WT_DARK_Col0_1g_Rep1	OSD-314	control_gravity		Col0	dark	Rep1	0
GLDS-314_rna_seq_31A8_WT_DARK_Col0_1g_Rep2	OSD-314	control_gravity		Col0	dark	Rep2	0
GLDS-314_rna_seq_32B8_WT_DARK_Col0_1g_Rep3	OSD-314	control_gravity		Col0	dark	Rep3	0
GLDS-314_rna_seq_05G4_WT_RED_Col0_03g_Rep1	OSD-314	mars_gravity		Col0	red_light	Rep1	1
GLDS-314_rna_seq_06H4_WT_RED_Col0_03g_Rep2	OSD-314	mars_gravity		Col0	red_light	Rep2	1
GLDS-314_rna_seq_07A5_WT_RED_Col0_03g_Rep3	OSD-314	mars_gravity		Col0	red_light	Rep3	1
GLDS-314_rna_seq_13I4_WT_DARK_Col0_03g_Rep1	OSD-314	mars_gravity		Col0	dark	Rep1	1
GLDS-314_rna_seq_14J4_WT_DARK_Col0_03g_Rep2	OSD-314	mars_gravity		Col0	dark	Rep2	1
GLDS-314_rna_seq_15A7_WT_DARK_Col0_03g_Rep3	OSD-314	mars_gravity		Col0	dark	Rep3	1
GLDS-314_rna_seq_JBA1_WT_DARK_Col0_0g_Rep1	OSD-314	microgravity		Col0	dark	Rep1	1
GLDS-314_rna_seq_JBB1_WT_DARK_Col0_0g_Rep2	OSD-314	microgravity		Col0	dark	Rep2	1
GLDS-314_rna_seq_JBH2_WT_RED_Col0_0g_Rep1	OSD-314	microgravity		Col0	red_light	Rep1	1
GLDS-314_rna_seq_JBA3_WT_RED_Col0_0g_Rep2	OSD-314	microgravity		Col0	red_light	Rep2	1
GLDS-314_rna_seq_JBB3_WT_RED_Col0_0g_Rep3	OSD-314	microgravity		Col0	red_light	Rep3	1
GLDS-120_rna_seq_Atha_Col-0_root_GC_Alight_Rep1_GSM2493759_Day13_GLbulkRNAseq	OSD-120	ground_control	root	Col-0	light	Rep1	0
GLDS-120_rna_seq_Atha_Col-0_root_GC_Alight_Rep2_GSM2493760_Day13_GLbulkRNAseq	OSD-120	ground_control	root	Col-0	light	Rep2	0
GLDS-120_rna_seq_Atha_Ws_root_GC_Alight_Rep1_GSM2493762_Day13_GLbulkRNAseq	OSD-120	ground_control	root		light	Rep1	0
GLDS-120_rna_seq_Atha_Ws_root_GC_Alight_Rep2_GSM2493763_Day13_GLbulkRNAseq	OSD-120	ground_control	root		light	Rep2	0
GLDS-120_rna_seq_Atha_Ws_root_GC_Alight_Rep3_GSM2493764_Day13_GLbulkRNAseq	OSD-120	ground_control	root		light	Rep3	0
GLDS-120_rna_seq_Atha_Col-0-PhyD_root_GC_Alight_Rep1_GSM2493765_Day13_GLbulkRNAseq	OSD-120	ground_control	root		light	Rep1	0
GLDS-120_rna_seq_Atha_Col-0-PhyD_root_GC_Alight_Rep2_GSM2493766_Day13_GLbulkRNAseq	OSD-120	ground_control	root		light	Rep2	0
GLDS-120_rna_seq_Atha_Col-0-PhyD_root_GC_Alight_Rep3_GSM2493767_Day13_GLbulkRNAseq	OSD-120	ground_control	root		light	Rep3	0
GLDS-120_rna_seq_Atha_Col-0_root_GC_dark_Rep1_GSM2493768_Day13_GLbulkRNAseq	OSD-120	ground_control	root	Col-0	dark	Rep1	0
GLDS-120_rna_seq_Atha_Col-0_root_GC_dark_Rep2_GSM2493769_Day13_GLbulkRNAseq	OSD-120	ground_control	root	Col-0	dark	Rep2	0
GLDS-120_rna_seq_Atha_Col-0_root_GC_dark_Rep3_GSM2493770_Day13_GLbulkRNAseq	OSD-120	ground_control	root	Col-0	dark	Rep3	0
GLDS-120_rna_seq_Atha_Ws_root_GC_dark_Rep1_GSM2493771_Day13_GLbulkRNAseq	OSD-120	ground_control	root		dark	Rep1	0
GLDS-120_rna_seq_Atha_Ws_root_GC_dark_Rep2_GSM2493772_Day13_GLbulkRNAseq	OSD-120	ground_control	root		dark	Rep2	0
GLDS-120_rna_seq_Atha_Ws_root_GC_dark_Rep3_GSM2493773_Day13_GLbulkRNAseq	OSD-120	ground_control	root		dark	Rep3	0
GLDS-120_rna_seq_Atha_Col-0-PhyD_root_GC_dark_Rep1_GSM2493774_Day13_GLbulkRNAseq	OSD-120	ground_control	root		dark	Rep1	0
GLDS-120_rna_seq_Atha_Col-0-PhyD_root_GC_dark_Rep2_GSM2493775_Day13_GLbulkRNAseq	OSD-120	ground_control	root		dark	Rep2	0
GLDS-120_rna_seq_Atha_Col-0-PhyD_root_GC_dark_Rep3_GSM2493776_Day13_GLbulkRNAseq	OSD-120	ground_control	root		dark	Rep3	0
GLDS-120_rna_seq_Atha_Col-0_root_FLT_Alight_Rep1_GSM2493777_Day13_GLbulkRNAseq	OSD-120	flight	root	Col-0	light	Rep1	1
GLDS-120_rna_seq_Atha_Col-0_root_FLT_Alight_Rep2_GSM2493778_Day13_GLbulkRNAseq	OSD-120	flight	root	Col-0	light	Rep2	1
GLDS-120_rna_seq_Atha_Col-0_root_FLT_Alight_Rep3_GSM2493779_Day13_GLbulkRNAseq	OSD-120	flight	root	Col-0	light	Rep3	1
GLDS-120_rna_seq_Atha_Ws_root_FLT_Alight_Rep1_GSM2493780_Day13_GLbulkRNAseq	OSD-120	flight	root		light	Rep1	1
GLDS-120_rna_seq_Atha_Ws_root_FLT_Alight_Rep2_GSM2493781_Day13_GLbulkRNAseq	OSD-120	flight	root		light	Rep2	1
GLDS-120_rna_seq_Atha_Ws_root_FLT_Alight_Rep3_GSM2493782_Day13_GLbulkRNAseq	OSD-120	flight	root		light	Rep3	1
GLDS-120_rna_seq_Atha_Col-0-PhyD_root_FLT_Alight_Rep1_GSM2493783_Day13_GLbulkRNAseq	OSD-120	flight	root		light	Rep1	1
GLDS-120_rna_seq_Atha_Col-0-PhyD_root_FLT_Alight_Rep2_GSM2493784_Day13_GLbulkRNAseq	OSD-120	flight	root		light	Rep2	1
GLDS-120_rna_seq_Atha_Col-0-PhyD_root_FLT_Alight_Rep3_GSM2493785_Day13_GLbulkRNAseq	OSD-120	flight	root		light	Rep3	1
GLDS-120_rna_seq_Atha_Col-0_root_FLT_dark_Rep1_GSM2493786_Day13_GLbulkRNAseq	OSD-120	flight	root	Col-0	dark	Rep1	1
GLDS-120_rna_seq_Atha_Col-0_root_FLT_dark_Rep2_GSM2493787_Day13_GLbulkRNAseq	OSD-120	flight	root	Col-0	dark	Rep2	1
GLDS-120_rna_seq_Atha_Col-0_root_FLT_dark_Rep3_GSM2493788_Day13_GLbulkRNAseq	OSD-120	flight	root	Col-0	dark	Rep3	1
GLDS-120_rna_seq_Atha_Ws_root_FLT_dark_Rep1_GSM2493789_Day13_GLbulkRNAseq	OSD-120	flight	root		dark	Rep1	1
GLDS-120_rna_seq_Atha_Ws_root_FLT_dark_Rep2_GSM2493790_Day13_GLbulkRNAseq	OSD-120	flight	root		dark	Rep2	1
GLDS-120_rna_seq_Atha_Ws_root_FLT_dark_Rep3_GSM2493791_Day13_GLbulkRNAseq	OSD-120	flight	root		dark	Rep3	1
GLDS-120_rna_seq_Atha_Col-0-PhyD_root_FLT_dark_Rep1_GSM2493792_Day13_GLbulkRNAseq	OSD-120	flight	root		dark	Rep1	1
GLDS-120_rna_seq_Atha_Col-0-PhyD_root_FLT_dark_Rep2_GSM2493793_Day13_GLbulkRNAseq	OSD-120	flight	root		dark	Rep2	1
GLDS-120_rna_seq_Atha_Col-0-PhyD_root_FLT_dark_Rep3_GSM2493794_Day13_GLbulkRNAseq	OSD-120	flight	root		dark	Rep3	1
GLDS-120_rna_seq_Atha_Col-0_root_GC_Alight_Rep3_GSM2493761_Day13_GLbulkRNAseq	OSD-120	ground_control	root	Col-0	light	Rep3	0
