sample_name	study_id	condition	is_flight	UMAP1	UMAP2	cluster
GLDS-314_rna_seq_21H5_WT_RED_Col0_1g_Rep1	OSD-314	control_gravity	0	6.8073983	18.672777	0
GLDS-314_rna_seq_22A6_WT_RED_Col0_1g_Rep2	OSD-314	control_gravity	0	6.8348804	19.008785	0
GLDS-314_rna_seq_23B6_WT_RED_Col0_1g_Rep3	OSD-314	control_gravity	0	6.4726124	18.793041	0
GLDS-314_rna_seq_30H7_WT_DARK_Col0_1g_Rep1	OSD-314	control_gravity	0	6.525754	18.30754	0
GLDS-314_rna_seq_31A8_WT_DARK_Col0_1g_Rep2	OSD-314	control_gravity	0	6.0953946	18.698486	0
GLDS-314_rna_seq_32B8_WT_DARK_Col0_1g_Rep3	OSD-314	control_gravity	0	6.7135463	18.36404	0
GLDS-314_rna_seq_05G4_WT_RED_Col0_03g_Rep1	OSD-314	mars_gravity	1	6.6238203	21.207407	2
GLDS-314_rna_seq_06H4_WT_RED_Col0_03g_Rep2	OSD-314	mars_gravity	1	6.3654246	21.558626	1
GLDS-314_rna_seq_07A5_WT_RED_Col0_03g_Rep3	OSD-314	mars_gravity	1	6.6279745	21.232342	2
GLDS-314_rna_seq_13I4_WT_DARK_Col0_03g_Rep1	OSD-314	mars_gravity	1	5.7790947	20.724846	1
GLDS-314_rna_seq_14J4_WT_DARK_Col0_03g_Rep2	OSD-314	mars_gravity	1	6.2244124	20.947517	1
GLDS-314_rna_seq_15A7_WT_DARK_Col0_03g_Rep3	OSD-314	mars_gravity	1	7.16068	21.335966	2
GLDS-314_rna_seq_JBA1_WT_DARK_Col0_0g_Rep1	OSD-314	microgravity	1	7.4737196	21.693964	2
GLDS-314_rna_seq_JBB1_WT_DARK_Col0_0g_Rep2	OSD-314	microgravity	1	5.5800953	21.434788	1
GLDS-314_rna_seq_JBH2_WT_RED_Col0_0g_Rep1	OSD-314	microgravity	1	6.708926	21.75208	2
GLDS-314_rna_seq_JBA3_WT_RED_Col0_0g_Rep2	OSD-314	microgravity	1	6.410189	20.669825	2
GLDS-314_rna_seq_JBB3_WT_RED_Col0_0g_Rep3	OSD-314	microgravity	1	5.2899523	22.340271	1
GLDS-120_rna_seq_Atha_Col-0_root_GC_Alight_Rep1_GSM2493759_Day13_GLbulkRNAseq	OSD-120	ground_control	0	6.3425674	20.058352	0
GLDS-120_rna_seq_Atha_Col-0_root_GC_Alight_Rep2_GSM2493760_Day13_GLbulkRNAseq	OSD-120	ground_control	0	5.7448153	20.014582	0
GLDS-120_rna_seq_Atha_Ws_root_GC_Alight_Rep1_GSM2493762_Day13_GLbulkRNAseq	OSD-120	ground_control	0	4.9084177	20.726246	1
GLDS-120_rna_seq_Atha_Ws_root_GC_Alight_Rep2_GSM2493763_Day13_GLbulkRNAseq	OSD-120	ground_control	0	5.4278183	20.53082	1
GLDS-120_rna_seq_Atha_Ws_root_GC_Alight_Rep3_GSM2493764_Day13_GLbulkRNAseq	OSD-120	ground_control	0	5.022111	22.082397	1
GLDS-120_rna_seq_Atha_Col-0-PhyD_root_GC_Alight_Rep1_GSM2493765_Day13_GLbulkRNAseq	OSD-120	ground_control	0	5.4870257	21.070583	1
GLDS-120_rna_seq_Atha_Col-0-PhyD_root_GC_Alight_Rep2_GSM2493766_Day13_GLbulkRNAseq	OSD-120	ground_control	0	6.0616984	21.162567	1
GLDS-120_rna_seq_Atha_Col-0-PhyD_root_GC_Alight_Rep3_GSM2493767_Day13_GLbulkRNAseq	OSD-120	ground_control	0	5.743103	21.798738	1
GLDS-120_rna_seq_Atha_Col-0_root_GC_dark_Rep1_GSM2493768_Day13_GLbulkRNAseq	OSD-120	ground_control	0	7.1023316	20.020311	0
GLDS-120_rna_seq_Atha_Col-0_root_GC_dark_Rep2_GSM2493769_Day13_GLbulkRNAseq	OSD-120	ground_control	0	7.517707	20.504902	2
GLDS-120_rna_seq_Atha_Col-0_root_GC_dark_Rep3_GSM2493770_Day13_GLbulkRNAseq	OSD-120	ground_control	0	6.9101777	22.239185	2
GLDS-120_rna_seq_Atha_Ws_root_GC_dark_Rep1_GSM2493771_Day13_GLbulkRNAseq	OSD-120	ground_control	0	4.6747184	21.652302	1
GLDS-120_rna_seq_Atha_Ws_root_GC_dark_Rep2_GSM2493772_Day13_GLbulkRNAseq	OSD-120	ground_control	0	7.7640557	21.000423	2
GLDS-120_rna_seq_Atha_Ws_root_GC_dark_Rep3_GSM2493773_Day13_GLbulkRNAseq	OSD-120	ground_control	0	7.079298	20.967987	2
GLDS-120_rna_seq_Atha_Col-0-PhyD_root_GC_dark_Rep1_GSM2493774_Day13_GLbulkRNAseq	OSD-120	ground_control	0	6.123037	20.473473	0
GLDS-120_rna_seq_Atha_Col-0-PhyD_root_GC_dark_Rep2_GSM2493775_Day13_GLbulkRNAseq	OSD-120	ground_control	0	6.706645	20.505173	2
GLDS-120_rna_seq_Atha_Col-0-PhyD_root_GC_dark_Rep3_GSM2493776_Day13_GLbulkRNAseq	OSD-120	ground_control	0	5.098653	21.360266	1
GLDS-120_rna_seq_Atha_Col-0_root_FLT_Alight_Rep1_GSM2493777_Day13_GLbulkRNAseq	OSD-120	flight	1	5.307484	21.85099	1
GLDS-120_rna_seq_Atha_Col-0_root_FLT_Alight_Rep2_GSM2493778_Day13_GLbulkRNAseq	OSD-120	flight	1	7.9586296	21.554893	2
GLDS-120_rna_seq_Atha_Col-0_root_FLT_Alight_Rep3_GSM2493779_Day13_GLbulkRNAseq	OSD-120	flight	1	5.8975224	21.390348	1
GLDS-120_rna_seq_Atha_Ws_root_FLT_Alight_Rep1_GSM2493780_Day13_GLbulkRNAseq	OSD-120	flight	1	6.194604	22.780708	1
GLDS-120_rna_seq_Atha_Ws_root_FLT_Alight_Rep2_GSM2493781_Day13_GLbulkRNAseq	OSD-120	flight	1	7.5614634	21.223022	2
GLDS-120_rna_seq_Atha_Ws_root_FLT_Alight_Rep3_GSM2493782_Day13_GLbulkRNAseq	OSD-120	flight	1	7.0258293	20.495808	2
GLDS-120_rna_seq_Atha_Col-0-PhyD_root_FLT_Alight_Rep1_GSM2493783_Day13_GLbulkRNAseq	OSD-120	flight	1	5.1197023	20.117277	0
GLDS-120_rna_seq_Atha_Col-0-PhyD_root_FLT_Alight_Rep2_GSM2493784_Day13_GLbulkRNAseq	OSD-120	flight	1	5.885751	22.0824	1
GLDS-120_rna_seq_Atha_Col-0-PhyD_root_FLT_Alight_Rep3_GSM2493785_Day13_GLbulkRNAseq	OSD-120	flight	1	5.9817433	22.49795	1
GLDS-120_rna_seq_Atha_Col-0_root_FLT_dark_Rep1_GSM2493786_Day13_GLbulkRNAseq	OSD-120	flight	1	5.540266	22.494844	1
GLDS-120_rna_seq_Atha_Col-0_root_FLT_dark_Rep2_GSM2493787_Day13_GLbulkRNAseq	OSD-120	flight	1	7.126541	21.533068	2
GLDS-120_rna_seq_Atha_Col-0_root_FLT_dark_Rep3_GSM2493788_Day13_GLbulkRNAseq	OSD-120	flight	1	7.1785245	21.847416	2
GLDS-120_rna_seq_Atha_Ws_root_FLT_dark_Rep1_GSM2493789_Day13_GLbulkRNAseq	OSD-120	flight	1	6.8900394	20.888996	2
GLDS-120_rna_seq_Atha_Ws_root_FLT_dark_Rep2_GSM2493790_Day13_GLbulkRNAseq	OSD-120	flight	1	6.6154795	22.597883	1
GLDS-120_rna_seq_Atha_Ws_root_FLT_dark_Rep3_GSM2493791_Day13_GLbulkRNAseq	OSD-120	flight	1	6.66379	21.976482	2
GLDS-120_rna_seq_Atha_Col-0-PhyD_root_FLT_dark_Rep1_GSM2493792_Day13_GLbulkRNAseq	OSD-120	flight	1	6.249565	21.759117	1
GLDS-120_rna_seq_Atha_Col-0-PhyD_root_FLT_dark_Rep2_GSM2493793_Day13_GLbulkRNAseq	OSD-120	flight	1	7.388587	22.424	2
GLDS-120_rna_seq_Atha_Col-0-PhyD_root_FLT_dark_Rep3_GSM2493794_Day13_GLbulkRNAseq	OSD-120	flight	1	6.233119	22.144007	1
GLDS-120_rna_seq_Atha_Col-0_root_GC_Alight_Rep3_GSM2493761_Day13_GLbulkRNAseq	OSD-120	ground_control	0	7.6263776	21.877136	2
